nation_a,52c45d7c-28b6-307d-9fcc-0b021add8c36
redstonetrip,e2d0fe47-fb03-4007-931c-5e7140828462
town_harkadia,98138acc-9b1a-3b84-a175-eae5480c1b0e
vanxeus,80ac1e41-6ead-4f18-8727-7dfddbd51389
krakken858,5c7aa89b-cc36-4a20-9c1c-634b6025e061
silera,aa35bc12-033d-4089-88ce-bc97365df2e7
tskrn,68b40515-f7b9-47d8-9e5a-55d0e4dd3aea
notsmarties,a5fb6e73-3964-4a87-82e5-802eba4fa685
spikeman1,97059cb7-f61e-41a9-a59e-c78d025ff546
town_gellington,eb795b97-b946-3d9d-b55b-37d3ff7ec5f8
beesechiscuits,2c5c78bd-3c3d-4ead-8319-78ec20952b64
robticrobbie,da635720-523d-4fe5-93e2-fa451df20035
nabeicb,77251fd1-6e72-4c65-a5c8-e5557b5bc616
20pero,d8b1ecfc-1a03-4160-aa7b-a9219593f995
nightingeil,b834b7a4-bdda-4772-9708-09e322f77c48
bakanan,e55e424f-dcf0-4fbb-8cd2-ad552bfa30eb
harukigrande,f93e4dda-6205-4bb3-b9ce-5cfbf82a11c3
domoak,c1338632-66e5-4b04-be75-8e8e537e1824
syafiqgaming,35bd33a0-61d7-4db5-b312-8a5102a5b752
specialise,2a3748f0-d2c5-4a91-b6af-62a6c110d6fe
tothehub,c1c64ff4-a939-4986-bbd3-0940aa21e6a5
adzuki_,31925e54-5396-4130-a37b-b696f1b9b456
isabellaxt,5801a334-91a1-414e-9bd8-8159ceca577e
leagueofpros,2e5af591-e13a-412a-b87f-d68dd0b071b8
darrylssy,a65d1ac7-a445-4a16-a20f-36b9d0c6f8d3
mr_ak,a397cbe1-f89f-4489-b698-842da096b913
mr_autismo,d11a0697-3ec5-4b18-a165-70004e094044
itzbenjy,13397d14-ad1b-4f23-99fc-99e2cfcffb80
ghouldelox,2301b2aa-bf63-4641-a67f-0afb5a8c7ba1
regiofoxbow,68aa2bbf-f27f-49ed-a469-a24447eaa4b1
dixdailyyt,afc7317f-1050-4a76-8eff-7216998b150a
khei20,2a86eea0-b20a-410c-bbcf-8146c9b2083c
rivenfizz,f67200fb-3cf0-480f-a024-d2802cf0f0b2
howyin,4a628a59-3797-4f9b-ba0b-3964f8a8401a
o0flymonk0o,233d7aae-58dd-4596-bdc1-2ddc293921b3
lazurowwy,5fd071b5-d269-4c59-81ac-f73f4eaf0d3c
acepikachu,0d42b1b0-66cf-478c-a66e-93b88f4cdf61
johangroth2302,c823b722-e895-4e98-8d2f-ed7cbab3fc2e
towny_war_chest,8895c16c-cfae-3603-b813-f8649db09290
sakud9,1174388d-5007-4b5c-adfd-04eb0fc4cc32
castlekiller64,7dacaf2b-3640-492a-84e8-5e1dce720287
dameepmaster,2c5c78bd-3c3d-4ead-8319-78ec20952b64
werhu,9a6bb317-b526-4d27-8964-b5c14b418039
iceoblivion7,21a76d09-996c-4a29-a735-1c52a31c9932
town_test,99f32c9b-1e2f-3b93-ae61-5e69bd262e4a
qlause,5728e6ca-3919-48df-85e0-3c7e9e0e337c
saviour_stew,f62a167a-9d35-43bb-b95d-c6a106e975b1
cyardasa,ddeba2ab-075d-4cc4-b659-1540408f8fbc
retrokittynya,845ec13d-cb7b-42f1-8907-4c541e74aa5c
xxinfernoflamexx,e64baa01-4a8e-439f-95eb-cf796e0925bc
littlenoodle1234,c61b2510-ab0e-494c-ba2c-4913104c32b7
thunderusmc,3bb1530b-a2ae-47b7-8135-d4ba78d5f88c
birthday_cat,ccfe8462-97c6-45fb-926e-eaa1971a11af
therealpikampy,d42121a8-8bdd-4dae-b71c-d24a03a71499
cyanidegor,e7cf43a3-d41e-4be0-8c7d-ef2cb6357bac
town_embrun,5eac0a19-dc44-3eb9-8c83-2820798b2eb3
ifart69,364c2260-238b-4f2e-97a3-70ed49c3a8c5
colossusice,362b6e8e-269c-421d-9fe5-219a92404ee6
vivayy,f4e24504-dc79-4014-b2fc-9d116a052184
swissy__cheese,20e83775-c6f9-4651-9f63-409809a4508f
juzzanoob,7a755c92-781a-4171-a7ef-a164f74ef114
nrdn,88fb6b67-d012-48f1-9fc4-ddefef3af4f6
